RESEARCH QUESTION:,,,,,,,
"How do users experience friction, support, and self-service breakdowns in the product journey?",,,,,,,

RESEARCH QUESTION MAPPING,,,,,,,
Theme Candidate,Relationship to Research Question,Reason,,,,,
self-service paths blocked by functional failures led to task abandonment or support escalation,Central,Directly describes self-service breakdown: specific tasks fail because UI mechanisms do not work; customers abandon or escalate to support,,,,,
navigation and findability friction increased effort to access features or complete tasks,Central,Directly describes friction and self-service breakdown: features cannot be reached; self-service requires significantly more effort than expected,,,,,
unexplained or unannounced system failures created uncertainty for customers,Peripheral,Describes a distinct type of friction (reliability + communication gap) relevant to the research question but represents a single below-threshold candidate with insufficient evidence to form a broader theme alone,,,,,
valued features or improvements have remaining capability or performance gaps,Out of scope,Constructive and comparative commentary; does not describe friction or self-service breakdown as defined by the research question,,,,,

BROADER THEMES,,,,,,,
Broader Theme,Working Definition,Theme Candidates,Child Codes,Example IDs,Relationship/Rationale,Confidence,Ambiguity/Notes
"self-service breakdown: customers were blocked from completing tasks independently by broken mechanisms or navigation friction","A pattern in which customers attempted product tasks without assistance but could not complete them — either because a specific UI mechanism failed or because the route to the feature could not be found — resulting in task abandonment, significantly increased effort, or forced escalation to support.","self-service paths blocked by functional failures led to task abandonment or support escalation; navigation and findability friction increased effort to access features or complete tasks","irrelevant search results caused abandonment of self-service and escalation to support; unresponsive upgrade button led to task abandonment; broken cancellation page forced support escalation after repeated self-service failure; billing navigation failure blocked self-service task; buried features and low intuitiveness increase effort to find functionality","R001, R002, R004, R008, R009","Both theme candidates describe the same broader outcome — self-service failure — through different proximate mechanisms. TC1 involves UI mechanisms that were reached but did not function; TC2 involves features that could not be reached due to navigation or findability barriers. Under the research question's focus on self-service breakdowns, both represent the same failure: the customer attempted independent task completion and could not succeed. The two sub-patterns are analytically distinct and must be preserved within this broader theme — they point to different remediation paths (fix broken mechanisms vs improve navigation) even though they share the same outcome and the same impact (task abandonment or increased effort).",Medium,"TC2 (navigation and findability friction) was below the 3-response threshold in Stage 2 (2 responses). Grouping it with TC1 under this broader theme does not resolve that concern — the underlying evidence base for TC2 remains thin. Analyst should consider whether to treat TC2 as a distinct sub-theme pending more data, or whether TC1 alone is sufficient as a High-confidence standalone broader theme. TC1 alone would yield: High confidence, R002 R004 R008, three responses, all High confidence source rows. Additionally, R007 (mobile platform dysfunction) and R012 (onboarding near-abandonment) from Stage 2 isolated codes are directly relevant to this broader theme and could strengthen it in a larger dataset."

UNRESOLVED / PERIPHERAL THEME CANDIDATES,,,,,,,
Unresolved / Peripheral Theme Candidate,Child Codes,Example IDs,Reason Not Grouped,Suggested Review,,,
"unexplained or unannounced system failures created uncertainty for customers","unexpected logout caused form data loss during active task; repeated integration failures without communication eroded reliability expectations","R006, R015","Single theme candidate; Low confidence at Stage 2; below the 3-response threshold. A broader theme based on one candidate must be marked Low or moved to peripheral. While this candidate is peripherally relevant to the research question (reliability friction, absence of communication as a compounding failure), the evidence is insufficient to support a standalone broader theme. Grouping with BT1 was considered but rejected — the defining element here is absence of communication/explanation, which is distinct from the functional failure or navigation mechanisms in BT1.","Consider as a distinct singleton finding on reliability and communication gaps. Revisit with more data. Analyst may also consider whether this candidate connects with R007 (mobile dysfunction) and R011 (non-functional preference controls) from Stage 2 isolated codes — all involve system behavior the customer cannot explain or control. If that connection holds in a larger dataset, a second broader theme may be warranted.",,,
"valued features or improvements have remaining capability or performance gaps","dashboard improvement reveals performance gap in reports section; export feature valued but absence of scheduling creates recurring manual work","R003, R010","Single theme candidate; Low confidence at Stage 2; below the 3-response threshold. Out of scope for the current research question — this candidate describes constructive and comparative commentary (things that partially work) rather than friction, support breakdown, or self-service failure as defined by the research question. The research question is an analytic lens that has placed this candidate outside the current scope.","Treat as capability/roadmap input rather than a friction or self-service finding. This candidate may be central under a different research question (e.g., 'How well does the product meet user needs for automation and consistent performance?'). Document as a peripheral finding and surface to product/roadmap stakeholders separately.",,,

STAGE 2 ISOLATED CODES — NOTED AS CONTEXT,,,,,,,
ID,Child Code,Relevance to Research Question,Notes,,,,
R012,option overload at onboarding nearly caused first-day abandonment,High — directly relevant to self-service breakdown,"Onboarding is the first self-service task in the product journey. Near-abandonment at this stage is analytically significant and directly relevant to the research question. Single response — insufficient for a theme candidate — but worth noting as a singleton finding on self-service entry failure.",,,
R007,non-functional buttons and broken layout blocked mobile use,High — directly relevant to self-service breakdown via mobile channel,"Mobile is a self-service channel. A broadly broken mobile experience prevents any self-service task completion on that platform. Single response. Could extend BT1 if validated in more data — the mechanism (non-functional UI) matches TC1's pattern.",,,
R014,transaction history limit blocked access needed for a stated purpose,Peripheral — a capability barrier to self-service,"A data access limit preventing a customer from retrieving their own records is a form of self-service friction. Single response. Not included in BT1 because the mechanism (product scope limit) is different from functional failure or navigation friction.",,,
R011,non-functional preference controls undermine notification relevance,Peripheral — a self-service control failure,"Setting preferences is a form of self-service (user controls their own experience). When those controls appear non-functional, the self-service expectation fails. Single response. May connect with TC3 (system behavior the customer cannot explain).",,,
R005,guided onboarding resources supported successful self-service setup,Peripheral — positive contrast case,"Directly relevant as a contrasting self-service success. Suggests that when onboarding resources are present and well-structured, self-service can succeed. Provides a useful counterpoint to R012 and the broader self-service breakdown theme.",,,
R013,fast support response met resolution expectations,Peripheral — relevant to the support dimension of the research question,"When self-service fails, support is the recovery channel. This response shows that fast support resolution meets expectations. Provides context for the support dimension of the research question — support CAN work well even when self-service does not.",,,

COVERAGE CHECK,,,,,,,
Total theme candidates reviewed:,4,,,,,
Theme candidates grouped into broader themes:,2 (TC1 and TC2 → BT1),,,,,
Theme candidates left unresolved/peripheral:,2 (TC3 and TC4),,,,,
Any theme candidates missing from the output? (Yes / No):,No,,,,,
